{"cameraMode":{"drawMode":0,"name":"Shaded","section":"Shading Mode"},"sceneLighting":false,"audioPlay":false,"sceneViewState":{"showFog":true,"showMaterialUpdate":false,"showSkybox":false,"showFlares":true,"showImageEffects":true,"showParticleSystems":true},"in2DMode":false,"pivot":{"x":3.4719998836517336,"y":2.330941677093506,"z":0.5820000171661377},"rotation":{"x":0.16011427342891694,"y":-0.013013693504035473,"z":0.002145442645996809,"w":0.9870827794075012},"size":9.571901321411133,"orthographic":false}