{"cameraMode":{"drawMode":0,"name":"Shaded","section":"Shading Mode"},"sceneLighting":true,"audioPlay":false,"sceneViewState":{"showFog":true,"showMaterialUpdate":false,"showSkybox":true,"showFlares":true,"showImageEffects":true,"showParticleSystems":true},"in2DMode":false,"pivot":{"x":54.39796829223633,"y":-27.803531646728517,"z":1.367434024810791},"rotation":{"x":-0.08631327003240586,"y":-0.9041389226913452,"z":0.21867723762989045,"w":-0.35682281851768496},"size":107.30233764648438,"orthographic":false}