{"cameraMode":{"drawMode":0,"name":"Shaded","section":"Shading Mode"},"sceneLighting":true,"audioPlay":false,"sceneViewState":{"showFog":true,"showMaterialUpdate":false,"showSkybox":true,"showFlares":true,"showImageEffects":true,"showParticleSystems":true},"in2DMode":false,"pivot":{"x":-17.557249069213868,"y":-122.73433685302735,"z":29.449920654296876},"rotation":{"x":0.4017382860183716,"y":-0.546130895614624,"z":0.3355061113834381,"w":0.6541469097137451},"size":156.05210876464845,"orthographic":false}