{"cameraMode":{"drawMode":0,"name":"Shaded","section":"Shading Mode"},"sceneLighting":false,"audioPlay":false,"sceneViewState":{"showFog":true,"showMaterialUpdate":false,"showSkybox":false,"showFlares":true,"showImageEffects":true,"showParticleSystems":true},"in2DMode":false,"pivot":{"x":6.811465263366699,"y":1.0620555877685547,"z":5.3130903244018559},"rotation":{"x":-0.12090585380792618,"y":-0.7404273748397827,"z":0.1383986473083496,"w":-0.646643340587616},"size":5.65076208114624,"orthographic":false}