{"cameraMode":{"drawMode":0,"name":"Shaded","section":"Shading Mode"},"sceneLighting":true,"audioPlay":false,"sceneViewState":{"showFog":true,"showMaterialUpdate":true,"showSkybox":true,"showFlares":true,"showImageEffects":true,"showParticleSystems":true},"in2DMode":false,"pivot":{"x":0.2610321044921875,"y":0.0,"z":0.7373409271240234},"rotation":{"x":-0.24356423318386079,"y":-0.4584770202636719,"z":0.13223671913146974,"w":-0.8444433808326721},"size":15.169759750366211,"orthographic":false}