{"cameraMode":{"drawMode":0,"name":"Shaded","section":"Shading Mode"},"sceneLighting":true,"audioPlay":false,"sceneViewState":{"showFog":true,"showMaterialUpdate":true,"showSkybox":true,"showFlares":true,"showImageEffects":true,"showParticleSystems":true},"in2DMode":false,"pivot":{"x":-0.8291018605232239,"y":18.125852584838868,"z":-44.37090301513672},"rotation":{"x":-0.14528042078018189,"y":0.01692267134785652,"z":-0.0024596424773335459,"w":-0.989298939704895},"size":10.0,"orthographic":false}